Title,Times_Played,First_Played,Last_Played
Deal,206,2015-12-12,2026-09-02
Push Comes To Shove,153,2015-01-21,2025-12-17
Cumberland Blues,145,2017-04-05,2026-08-19
Speak Up!,134,2015-01-21,2024-07-02
Atoms In Pursuit,129,2015-11-04,2025-03-08
I Know You Rider,117,2015-11-18,2026-10-02
The Music Never Stopped,116,2018-08-14,2026-10-02
Franklin's Tower,113,2016-08-04,2026-09-29
Hard To Find,113,2015-01-21,2025-03-27
Mississippi Half-step Uptown Toodeloo,96,2017-11-28,2026-09-17
Fire On The Mountain,96,2015-11-18,2026-07-29
Brown Eyed Women,95,2017-03-22,2026-09-24
Bertha,94,2017-02-08,2026-08-26
Jam,93,2015-01-21,2026-01-11
Scarlet Begonias,91,2015-12-12,2026-09-08
Eyes Of The World,91,2015-01-21,2026-09-17
Shakedown Street,89,2017-01-28,2026-09-17
Gravioli,88,2018-01-06,2024-11-08
Lost,84,2015-01-21,2025-07-30
Dire Wolf,82,2017-02-18,2026-07-01
The Weight,77,2018-03-06,2026-07-16
Dancin In The Street,74,2018-01-09,2026-09-29
Flash Of Light,74,2019-08-06,2025-05-16
Feel Like A Stranger,72,2018-10-04,2026-09-24
Sugaree,70,2016-07-13,2026-06-22
Let The Good Times Roll,69,2017-02-15,2026-09-08
Alma's Fat Mama,69,2015-10-08,2024-06-07
There Goes My Sanity,66,2015-10-21,2023-06-14
Long Way To Go,65,2015-10-08,2026-09-02
Turn On Your Lovelight,64,2015-01-21,2025-03-27
New Speedway Boogie,64,2016-04-06,2026-05-07
Me And My Uncle,64,2016-07-06,2026-09-29
Big River,60,2015-02-04,2026-09-29
W.s. Walcott Medicine Show,59,2023-03-17,2026-09-17
Goin Down The Road Feelin Bad,58,2016-10-27,2026-09-24
Look Out Cleveland,57,2021-10-13,2026-03-26
Beat It On Down The Line,53,2016-01-30,2025-12-17
Energy,52,2017-11-14,2026-08-19
Key To The Highway,49,2015-11-04,2022-11-15
Jack Straw,47,2018-05-01,2026-08-19
Uncle John's Band,43,2016-05-14,2026-05-07
He's Gone,43,2016-11-16,2026-09-24
New Minglewood Blues,43,2015-01-21,2026-08-26
The Other One,42,2015-11-18,2026-09-08
Ramble On Rose,42,2017-03-01,2026-09-26
Whipping Post,41,2016-04-27,2024-11-06
Silhouette,41,2015-03-04,2019-03-20
Atlantic City,39,2015-10-14,2026-09-26
Curiosity,39,2018-02-10,2022-02-02
Wharf Rat,38,2024-01-10,2026-09-24
Way Back Home,38,2019-03-03,2024-01-10
Loser,33,2017-01-04,2026-08-26
Althea,33,2016-12-07,2026-08-26
Magic Bus,31,2015-01-21,2026-04-29
Brokedown Palace,31,2021-11-30,2026-07-15
How Sweet It Is,29,2017-07-17,2026-07-08
King Harvest,29,2021-04-10,2026-04-22
One Way Out,29,2015-01-21,2023-01-27
Viola Lee Blues,28,2018-05-29,2026-04-15
Stage Fright,28,2023-09-27,2026-05-13
Chest Fever,28,2025-06-11,2026-06-09
Just Dance,27,2015-10-14,2023-01-19
Moonage Daydream,27,2021-05-25,2026-07-29
They Love Each Other,27,2018-06-12,2026-09-29
Oh Darling,26,2022-07-13,2023-12-02
Terrapin Station,26,2025-11-06,2026-09-26
Chameleon,26,2015-02-04,2024-02-07
I'm The One,26,2016-03-30,2019-02-08
Other Side Of Paradise,25,2021-10-13,2024-08-19
China Cat Sunflower,25,2017-03-05,2026-05-20
Valerie,25,2022-06-25,2023-06-08
Catfish John,25,2015-10-21,2026-09-29
Vienna,25,2023-05-24,2024-11-25
How Are You,25,2023-01-11,2024-07-02
Up On Cripple Creek,24,2023-04-26,2026-09-17
I Want You Back,23,2016-02-10,2022-11-02
Peggy-o,23,2021-04-10,2026-08-12
The Harder They Come,23,2017-02-18,2026-04-29
Saint Of Circumstance,22,2025-07-02,2026-09-24
Sugar Magnolia,22,2016-08-28,2026-09-08
Samson And Delilah,22,2025-06-25,2026-05-07
Jack-a-roe,22,2016-04-13,2026-09-29
Tennessee Jed,22,2022-10-26,2026-03-26
Tangled Up In Blue,22,2023-04-20,2026-09-17
Playin In The Band,22,2025-01-22,2026-09-08
Not Fade Away,22,2015-02-04,2026-09-24
Bottle Of Wine,20,2017-09-19,2018-11-29
World Of Probability,20,2018-02-20,2023-06-14
The Rumor,19,2023-03-01,2026-08-12
Ophelia,19,2017-02-08,2026-06-22
Dixie Chicken,19,2023-08-16,2026-04-04
Mama Tried,18,2016-04-06,2026-06-09
The Night They Drove Old Dixie Down,18,2018-06-05,2023-08-30
Back On The Train,17,2018-08-14,2026-06-09
Truckin,16,2018-08-07,2026-09-29
Good Morning Little Schoolgirl,15,2015-01-28,2021-11-27
Night Moves,15,2018-06-12,2025-11-22
Beast Of Burden,15,2023-11-09,2024-12-06
Chatter,15,2015-01-21,2017-12-05
You And I,15,2023-04-20,2023-10-13
The Shape I'm In,15,2016-02-03,2024-06-07
Set Free,14,2015-01-21,2017-03-29
Ain't No Woman,14,2025-01-13,2025-05-14
Ship Of Fools,14,2025-05-21,2026-04-04
So Many Roads,13,2024-06-26,2026-07-08
Roadhouse Blues,13,2015-01-28,2018-05-15
Cold Rain And Snow,13,2019-05-31,2026-09-26
Mission In The Rain,13,2026-02-09,2026-08-26
One More Saturday Night,13,2015-02-25,2026-01-11
Put Your Records On,12,2023-01-19,2023-10-06
Baba O'riley,12,2015-12-12,2025-03-08
Willin,12,2025-04-30,2025-12-27
Shining Star,12,2024-10-09,2026-04-15
Here Comes Sunshine,12,2025-03-27,2026-08-19
Draggin The Line,11,2019-01-03,2019-11-12
American Girl,11,2023-07-05,2023-10-13
Black Throated Wind,11,2016-06-16,2026-01-14
Wolfman's Brother,11,2016-02-10,2026-09-02
Rotation,11,2016-02-17,2023-11-15
Magnificent Sanctuary Band,11,2025-05-21,2026-09-02
Mexicali Blues,11,2023-06-14,2026-06-09
Mr. Charlie,11,2016-10-27,2023-11-15
Midnight Moonlight,10,2025-08-26,2026-09-24
This Wheel's On Fire,10,2024-08-14,2026-04-29
Blues,10,2015-01-21,2024-05-30
Knockin' Lost John,10,2026-02-09,2026-04-29
Funkin Around,9,2015-09-16,2019-06-25
Rock And Roll,9,2016-03-06,2026-08-26
Candyman,9,2023-04-04,2025-10-08
Dark Star,9,2017-11-28,2024-01-26
Colors,9,2022-08-24,2022-11-11
Stuck Inside Of Mobile,9,2026-08-05,2026-09-26
Good Lovin,9,2015-02-04,2026-09-08
Hurricane,9,2021-08-31,2025-02-26
Can You Get To That,9,2017-05-15,2024-05-23
Morning Dew,9,2017-05-10,2026-06-30
Disappear Into Delirium,8,2015-01-21,2017-05-10
Bird Song,8,2026-05-20,2026-09-24
Helpless,8,2021-11-27,2026-08-12
It Makes No Difference,8,2021-12-14,2026-05-13
And We Bid You Goodnight,8,2020-01-07,2026-02-26
Promised Land,8,2015-02-25,2024-12-22
Shadow People,8,2015-11-18,2025-09-09
Roses Are Free,8,2022-10-12,2026-08-12
Got To Get Better In A Little While,8,2019-07-23,2019-12-17
West L.a. Fadeaway,7,2015-03-04,2024-08-19
New York I Love You,7,2015-03-04,2016-09-28
Cities,7,2017-08-22,2026-07-23
Johnny B. Goode,7,2015-10-21,2017-01-27
Don't Let Go,7,2024-06-28,2026-06-17
Don't Do It,7,2021-04-17,2026-05-07
Smoke Two Joints,7,2018-03-13,2018-04-20
Crazy Rap,7,2018-03-13,2018-04-20
Praise You,7,2019-03-13,2019-04-20
Kodachrome,7,2022-09-14,2022-11-11
Fuck You,7,2016-04-27,2016-06-16
Crossroads,7,2015-02-04,2016-05-04
I Second That Emotion,7,2022-08-24,2026-09-29
Twist,6,2016-04-30,2025-06-11
The Way You Do The Things You Do,6,2023-03-01,2026-09-29
Free,6,2022-10-12,2026-08-12
Sorcery,6,2017-07-17,2017-08-22
The Illusion,6,2016-08-28,2017-02-01
Cool It Down,6,2022-09-14,2023-03-17
Drowned,6,2026-08-05,2026-09-24
Rules Of The Game,6,2017-10-03,2017-12-05
Lovin Cup,6,2025-03-12,2026-07-23
My Church,6,2023-02-08,2023-10-18
After Midnight,6,2015-01-28,2026-08-19
All My Favorite People,6,2023-01-11,2023-08-30
Alabama Getaway,6,2015-10-21,2026-02-09
I Can't Go For That,6,2022-02-02,2022-09-28
Wastin' Time,6,2019-01-10,2021-08-04
What I Got,5,2018-02-27,2026-08-26
Lawn Boy,5,2016-12-07,2025-04-10
It Must Have Been The Roses,5,2018-01-02,2021-07-22
New Song,5,2015-02-25,2023-03-01
Happy Trails,5,2019-05-21,2019-12-10
Possum,5,2023-08-30,2026-06-25
That's What Love Will Make You Do,5,2018-10-04,2022-02-16
Chinatown Shuffle,5,2021-04-10,2026-07-01
U.s. Blues,5,2025-06-11,2026-09-02
Spoonful,5,2015-01-28,2019-11-17
Sitting Here In Limbo,5,2024-05-30,2025-10-08
Sand,5,2016-12-07,2025-07-16
First Tube,5,2019-12-17,2025-11-12
Friend Of The Devil,5,2022-08-24,2025-04-02
I Am The Walrus,4,2025-03-12,2026-08-12
Wagon Wheel,4,2016-06-01,2023-10-18
Opening,4,2016-05-10,2025-03-19
Got My Mojo Working,4,2015-06-30,2018-01-06
Tryin To Live My Life Without You,4,2024-01-17,2024-02-07
Suffragette City,4,2016-01-13,2016-02-03
Sunshine Daydream,4,2017-06-12,2023-12-14
Dupree's Diamond Blues,4,2016-05-25,2018-12-20
One Of These Days,4,2015-11-04,2017-01-18
Dear Mr. Fantasy,4,2024-12-22,2025-12-11
Promontory Rider,4,2019-10-08,2021-12-07
Christmas Must Be Tonight,4,2022-01-05,2025-12-02
Breathe,4,2024-11-25,2026-08-12
You Are The Mystery,4,2016-12-17,2017-03-01
Long Black Veil,3,2025-01-22,2026-08-26
Limb By Limb,3,2016-01-30,2025-07-30
Ob-la-di Ob-la-da,3,2018-04-10,2018-04-17
Old And In The Way,3,2015-01-21,2016-04-16
I Can't Explain,3,2015-11-18,2016-03-23
4% Pantomime,3,2026-08-19,2026-09-08
Hell In A Bucket,3,2023-09-29,2023-11-01
Outside Woman Blues,3,2016-01-30,2016-04-30
Get Up Jake,3,2016-02-17,2016-04-30
Nothing To Do Today,3,2019-11-01,2019-11-12
Acdc Bag,3,2024-01-03,2024-09-04
Bony Maronie,3,2015-10-14,2016-08-28
Superstition,3,2015-03-04,2016-05-10
Cassidy,3,2024-05-23,2026-07-23
Shine A Light,3,2021-07-22,2024-08-14
Pride And Joy,3,2016-03-02,2016-04-13
Roads,3,2023-08-06,2025-02-26
Sample In A Jar,3,2016-01-09,2024-01-10
Across The Great Divide,3,2023-01-11,2026-09-29
Sunshine Of Your Love,3,2015-02-25,2016-01-09
Resonate,2,2023-10-26,2023-11-01
Cold Shot,2,2016-02-03,2026-06-17
Crosseyed And Painless,2,2017-08-29,2025-03-12
Float On The Breeze,2,2020-03-08,2024-07-10
El Paso,2,2022-02-09,2022-09-14
Long Train Runnin,2,2024-04-25,2024-05-01
In The Shadows,2,2017-05-01,2019-08-20
Mystery Train,2,2015-09-23,2016-05-10
Back To Black,2,2023-07-05,2023-07-12
Tuning,2,2015-02-21,2017-08-10
Cissy Strut,2,2023-02-17,2026-08-26
Undermind,2,2015-10-14,2016-01-30
Tobacco Road,2,2015-12-04,2022-01-26
Acadian Driftwood,2,2023-06-14,2026-02-09
Blues Medley,2,2015-03-04,2016-02-17
Twisting The Night Away,2,2023-10-18,2024-01-27
Curtis Loew,2,2022-09-14,2022-09-21
Don't Ease Me In,2,2016-06-22,2016-07-27
Cold Beer,2,2015-11-04,2016-04-13
Big Railroad Blues,2,2025-09-24,2026-06-17
Brizel Song,2,2023-01-19,2023-03-08
The Wedge,2,2023-08-06,2025-06-18
Goin Down,2,2015-06-30,2016-09-28
Midnight Rambler,2,2018-04-17,2018-05-22
Many The Miles,2,2024-01-03,2024-01-17
Love Man,2,2024-12-18,2024-12-22
All I Wanna Do,2,2024-01-03,2024-01-17
L = M,2,2016-01-27,2016-02-10
Just... Now,2,2016-01-27,2016-02-17
All Along The Watchtower,2,2015-11-18,2016-11-03
Help On The Way,2,2025-01-18,2026-08-19
How Many More Times,2,2015-11-04,2021-11-27
Mr. Cemani,2,2017-08-21,2017-08-28
Hollywood Nights,2,2018-08-21,2019-05-07
Nineteen Hundred And Eighty Five,2,2026-08-05,2026-08-12
Funk,2,2024-01-26,2024-05-08
Layla,1,2023-03-15,2023-03-15
Lazy River Road,1,2025-12-17,2025-12-17
Waiting For A Miracle,1,2025-08-20,2025-08-20
Walkin On The Sun,1,2021-10-05,2021-10-05
Let Go,1,2017-07-17,2017-07-17
Let The Sunshine In,1,2023-11-09,2023-11-09
Liz Reed,1,2016-06-16,2016-06-16
Life Is A Carnival,1,2025-02-05,2025-02-05
Join Together,1,2021-07-22,2021-07-22
Locomotive Breath,1,2015-02-25,2015-02-25
Knockin On Heavens Door,1,2016-10-20,2016-10-20
When I Paint My Masterpiece,1,2026-04-29,2026-04-29
Who Do You Love,1,2021-09-28,2021-09-28
Voodoo Child,1,2016-06-01,2016-06-01
Again,1,2023-05-24,2023-05-24
Acid,1,2024-01-27,2024-01-27
I Can't Quit You Baby,1,2019-06-25,2019-06-25
Laurel Mountain,1,2017-01-28,2017-01-28
Gloria,1,2017-08-28,2017-08-28
Go Your Own Way,1,2023-02-08,2023-02-08
Greatest Story Ever Told,1,2025-05-21,2025-05-21
Gravioli (praise You),1,2019-04-20,2019-04-20
Please Pardon Yourself,1,2016-04-06,2016-04-06
Outa Space,1,2019-10-01,2019-10-01
Only The Good Die Young,1,2023-05-24,2023-05-24
One Toke Over The Line,1,2023-02-22,2023-02-22
New Briz Song,1,2024-07-10,2024-07-10
Further On Up The Road,1,2016-04-16,2016-04-16
Next Time You See Me,1,2017-04-19,2017-04-19
Oh! Sweet Nuthin,1,2019-12-10,2019-12-10
I Can See For Miles,1,2021-05-13,2021-05-13
Human After All,1,2015-12-16,2015-12-16
How Does Your Time Feel,1,2023-08-06,2023-08-06
Marshall Song,1,2017-07-24,2017-07-24
I Get Lifted,1,2019-07-06,2019-07-06
I Saw Her Standing There,1,2017-09-26,2017-09-26
I Shall Be Released,1,2023-06-14,2023-06-14
I'll Take You There,1,2021-07-22,2021-07-22
I'm So Glad,1,2026-09-02,2026-09-02
My Soul,1,2017-08-28,2017-08-28
I Get Around,1,2025-06-18,2025-06-18
Lucille,1,2016-11-10,2016-11-10
Moondance,1,2022-11-02,2022-11-02
My Shot,1,2016-11-10,2016-11-10
Monkey And The Engineer,1,2026-09-02,2026-09-02
Milk Is Terrible For You,1,2020-02-25,2020-02-25
Might As Well,1,2019-01-17,2019-01-17
Mike's Song,1,2025-07-09,2025-07-09
On My Mind,1,2015-03-04,2015-03-04
Old Home Place,1,2022-05-01,2022-05-01
Marshall,1,2017-01-18,2017-01-18
Lullaby,1,2022-01-15,2022-01-15
Magnetism,1,2017-08-07,2017-08-07
Maroon Five Song,1,2022-07-13,2022-07-13
Metronomic,1,2021-05-13,2021-05-13
I've Got A Feeling,1,2025-11-22,2025-11-22
Iko Iko,1,2016-04-16,2016-04-16
Heart It Races,1,2016-11-16,2016-11-16
What'd I Say,1,2016-01-13,2016-01-13
What's It All For,1,2017-02-01,2017-02-01
Ziggy Stardust,1,2016-01-30,2016-01-30
25 Or 6 To 4,1,2015-02-25,2015-02-25
American Pie,1,2016-03-23,2016-03-23
Waterfalls,1,2018-05-01,2018-05-01
Row Jimmy,1,2026-09-02,2026-09-02
"Sail On, Sailor",1,2025-06-11,2025-06-11
Slow Dance,1,2018-01-23,2018-01-23
Smoke In Our Lights,1,2026-09-02,2026-09-02
Sneaking Sally,1,2024-11-02,2024-11-02
Rocky Raccoon,1,2016-04-13,2016-04-13
Rosalee Mcfall,1,2018-01-27,2018-01-27
Rosalie Mcfall,1,2026-09-02,2026-09-02
Psycho Killer,1,2023-07-05,2023-07-05
Descent (dah Dah Dah),1,2016-03-16,2016-03-16
Fluffhead,1,2025-07-09,2025-07-09
Found,1,2016-11-10,2016-11-10
Free Bird,1,2017-08-11,2017-08-11
Red House,1,2015-10-14,2015-10-14
Quarantine Blues,1,2021-08-04,2021-08-04
Reggae,1,2025-07-09,2025-07-09
Road To Nowhere,1,2022-08-24,2022-08-24
On The Run,1,2024-11-25,2024-11-25
Someone Great,1,2017-12-03,2017-12-03
Soundcheck,1,2015-02-04,2015-02-04
Dark Hollow,1,2026-09-02,2026-09-02
Dancin In The Moonlight,1,2023-01-25,2023-01-25
Dave And Chris,1,2017-08-11,2017-08-11
Built To Last,1,2016-10-27,2016-10-27
Standing On The Moon,1,2026-04-15,2026-04-15
Spanish,1,2024-11-06,2024-11-06
Street Walker,1,2021-04-10,2021-04-10
Stones Medley,1,2015-03-04,2015-03-04
Statesboro Blues,1,2015-10-21,2015-10-21
Dream A Little Dream,1,2023-07-12,2023-07-12
Don't Stop Til You Get Enough,1,2018-01-17,2018-01-17
Down With Disease,1,2024-05-01,2024-05-01
Dock Of The Bay,1,2023-11-15,2023-11-15
Shama Lama Ding Dong,1,2026-07-08,2026-07-08
Sloop John B,1,2025-06-11,2025-06-11
Skin It Back,1,2019-07-06,2019-07-06
Slipknot,1,2025-01-18,2025-01-18
Sisters And Brothers,1,2024-11-13,2024-11-13
Slave To The Traffic Light,1,2021-11-09,2021-11-09
Proud Mary,1,2016-04-27,2016-04-27
Final Cut,1,2017-08-12,2017-08-12
Fingerprint File,1,2017-01-18,2017-01-18
Chalkdust Torture,1,2019-10-08,2019-10-08
Character Zero,1,2022-10-19,2022-10-19
Been A While,1,2015-12-16,2015-12-16
The Forbidden Hey Jude,1,2025-01-08,2025-01-08
That's All Right Mama,1,2023-08-16,2023-08-16
That Old Black Hole,1,2018-06-27,2018-06-27
Thank You,1,2025-06-11,2025-06-11
The Breeze,1,2025-07-09,2025-07-09
Bongo Bong,1,2018-01-30,2018-01-30
Bring It On Home,1,2023-02-08,2023-02-08
"April 29, 1992",1,2016-04-30,2016-04-30
Angels Like You,1,2023-07-12,2023-07-12
The Real Me,1,2021-05-13,2021-05-13
Theme From The Bottom,1,2025-09-05,2025-09-05
The Wheel,1,2026-05-07,2026-05-07
The Thrill Is Gone,1,2018-02-25,2018-02-25
Swing Low (sweet Chariot),1,2018-08-21,2018-08-21
Throwing Stones,1,2018-10-04,2018-10-04
That Thing You Do,1,2017-02-01,2017-02-01
Ventilator,1,2018-02-20,2018-02-20
Tweezer,1,2026-09-02,2026-09-02
Twist And Shout,1,2015-02-25,2015-02-25
The Race Is On,1,2024-11-25,2024-11-25
Uninvisible,1,2026-09-02,2026-09-02
Autumn Leaves,1,2017-08-11,2017-08-11
Back In Black,1,2022-01-05,2022-01-05
Balloons,1,2022-01-15,2022-01-15
Bass Solo,1,2016-01-09,2016-01-09
46 Days,1,2025-03-12,2025-03-12
Atlantis,1,2016-04-13,2016-04-13
Army Of One,1,2025-11-22,2025-11-22
Time Slows Down,1,2019-08-27,2019-08-27
You Can't Hurry Love,1,2023-10-18,2023-10-18
You Oughta Know,1,2018-03-06,2018-03-06
Your Love Is Taking Me Higher,1,2016-06-22,2016-06-22
Ya Mar,1,2017-07-31,2017-07-31
Why Ya Gotta Be Like That,1,2016-05-25,2016-05-25
Will It Go Round In Circles,1,2018-11-08,2018-11-08
Why Don't We Do It In The Road,1,2015-10-14,2015-10-14
A Little More,1,2019-11-12,2019-11-12
