Title,Artist
25 Or 6 To 4,Chicago
46 Days,Phish
A Little More,LoveDeep
Acadian Driftwood,The Band
Acdc Bag,Phish
Acid,LoveDeep
Across The Great Divide,The Band
After Midnight,Jerry Garcia Band
Again,LoveDeep
Ain't No Woman,The Four Tops
Alabama Getaway,Grateful Dead
All Along The Watchtower,Bob Dylan
All I Wanna Do,Sheryl Crow
All My Favorite People,Maren Morris
Alma's Fat Mama,LoveDeep
Althea,Grateful Dead
American Girl,Tom Petty
American Pie,Don McLean
And We Bid You Goodnight,Grateful Dead
Angels Like You,Miley Cyrus
"April 29, 1992",Sublime
Army Of One,Phish
Atlantic City,The Band
Atlantis,Donovan
Atoms In Pursuit,LoveDeep
Autumn Leaves,Nat King Cole
Baba O'riley,The Who
Back In Black,AC/DC
Back On The Train,Phish
Back To Black,Amy Winehouse
Balloons,LoveDeep
Bass Solo,LoveDeep
Beast Of Burden,The Rolling Stones
Beat It On Down The Line,Grateful Dead
Been A While,LoveDeep
Bertha,Grateful Dead
Big Railroad Blues,Grateful Dead
Big River,Grateful Dead
Bird Song,Grateful Dead
Black Throated Wind,Grateful Dead
Blues,LoveDeep
Blues Medley,LoveDeep
Bongo Bong,Manu Chao
Bony Maronie,Traditional
Bottle Of Wine,LoveDeep
Breathe,Pink Floyd
Bring It On Home,Led Zeppelin
Brizel Song,LoveDeep
Brokedown Palace,Grateful Dead
Brown Eyed Women,Grateful Dead
Built To Last,Grateful Dead
Can You Get To That,Funkadelic
Candyman,Grateful Dead
Cassidy,Grateful Dead
Catfish John,Jerry Garcia Band
Chalkdust Torture,Phish
Chameleon,Herbie Hancock
Character Zero,Phish
Chatter,LoveDeep
Chest Fever,The Band
China Cat Sunflower,Grateful Dead
Chinatown Shuffle,Grateful Dead
Christmas Must Be Tonight,The Band
Cissy Strut,The Meters
Cities,Talking Heads
Cold Beer,Jesse Stewart
Cold Rain And Snow,Grateful Dead
Cold Shot,Stevie Ray Vaughan
Colors,The Black Pumas
Cool It Down,Velvet Underground
Crazy Rap,Afroman
Crosseyed And Painless,Talking Heads
Crossroads,Traditional
Cumberland Blues,Grateful Dead
Curiosity,LoveDeep
Curtis Loew,Lynyrd Skynyrd
Dancin In The Moonlight,King Harvest
Dancin In The Street,Grateful Dead
Dark Star,Grateful Dead
Dave And Chris,LoveDeep
Deal,Grateful Dead
Dear Mr. Fantasy,Traffic
Descent (dah Dah Dah),LoveDeep
Dire Wolf,Grateful Dead
Disappear Into Delirium,LoveDeep
Dixie Chicken,Little Feat
Dock Of The Bay,Otis Redding
Don't Do It,The Band
Don't Ease Me In,Grateful Dead
Don't Let Go,Jerry Garcia Band
Don't Stop Til You Get Enough,Michael Jackson
Down With Disease,Phish
Draggin The Line,Tommy James
Dream A Little Dream,The Mamas & The Papas
Drowned,The Who
Dupree's Diamond Blues,Grateful Dead
El Paso,Grateful Dead
Energy,LoveDeep
Eyes Of The World,Grateful Dead
Feel Like A Stranger,Grateful Dead
Final Cut,Pink Floyd
Fingerprint File,The Rolling Stones
Fire On The Mountain,Grateful Dead
First Tube,Phish
Flash Of Light,LoveDeep
Float On The Breeze,LoveDeep
Fluffhead,Phish
Found,LoveDeep
Franklin's Tower,Grateful Dead
Free,Phish
Free Bird,Lynyrd Skynyrd
Friend Of The Devil,Grateful Dead
Fuck You,CeeLo Green
Funk,LoveDeep
Funkin Around,LoveDeep
Further On Up The Road,Traditional
Get Up Jake,The Band
Gloria,Van Morrison
Go Your Own Way,Fleetwood Mac
Goin Down,Stevie Ray Vaughan
Goin Down The Road Feelin Bad,Grateful Dead
Good Lovin,Grateful Dead
Good Morning Little Schoolgirl,Grateful Dead
Got My Mojo Working,Traditional
Got To Get Better In A Little While,Eric Clapton
Gravioli,LoveDeep
Gravioli (praise You),LoveDeep
Greatest Story Ever Told,Grateful Dead
Happy Trails,LoveDeep
Hard To Find,LoveDeep
He's Gone,Grateful Dead
Heart It Races,Dr. Dog
Hell In A Bucket,Grateful Dead
Help On The Way,Grateful Dead
Helpless,Neil Young
Here Comes Sunshine,Grateful Dead
Hollywood Nights,Bob Seger
How Are You,LoveDeep
How Does Your Time Feel,LoveDeep
How Many More Times,Led Zeppelin
How Sweet It Is,Jerry Garcia Band
Human After All,LoveDeep
Hurricane,Levon Helm
I Am The Walrus,The Beatles
I Can See For Miles,The Who
I Can't Explain,The Who
I Can't Go For That,Hall And Oates
I Can't Quit You Baby,Led Zeppelin
I Get Around,The Beach Boys
I Get Lifted,KC and the Sunshine Band
I Know You Rider,Grateful Dead
I Saw Her Standing There,The Beatles
I Second That Emotion,Jerry Garcia Band
I Shall Be Released,The Band
I Want You Back,The Jackson 5
I'll Take You There,The Staple Singers
I'm The One,LoveDeep
I've Got A Feeling,The Beatles
Iko Iko,Grateful Dead
In The Shadows,LoveDeep
It Makes No Difference,The Band
It Must Have Been The Roses,Grateful Dead
Jack Straw,Grateful Dead
Jack-a-roe,Grateful Dead
Jam,LoveDeep
Johnny B. Goode,Grateful Dead
Join Together,The Who
Just Dance,Lady Gaga
Just... Now,LoveDeep
Key To The Highway,Traditional
King Harvest,The Band
Knockin On Heavens Door,Grateful Dead
Knockin' Lost John,The Band
Kodachrome,Paul Simon
L = M,LoveDeep
Laurel Mountain,LoveDeep
Lawn Boy,Phish
Layla,Eric Clapton
Lazy River Road,Grateful Dead
Let Go,LoveDeep
Let The Good Times Roll,Grateful Dead
Let The Sunshine In,The 5th Dimension
Life Is A Carnival,The Band
Limb By Limb,Phish
Liz Reed,The Allman Brothers Band
Locomotive Breath,Jethro Tull
Long Black Veil,The Band
Long Train Runnin,The Doobie Brothers
Long Way To Go,Railroad Earth
Look Out Cleveland,The Band
Loser,Grateful Dead
Lost,LoveDeep
Love Man,Otis Redding
Lovin Cup,The Rolling Stones
Lucille,Traditional
Lullaby,LoveDeep
Magic Bus,The Who
Magnetism,LoveDeep
Magnificent Sanctuary Band,Jerry Garcia Band
Mama Tried,Grateful Dead
Many The Miles,Sara Bareilles
Maroon Five Song,Maroon 5
Marshall,LoveDeep
Marshall Song,LoveDeep
Me And My Uncle,Grateful Dead
Metronomic,LoveDeep
Mexicali Blues,Grateful Dead
Midnight Moonlight,Jerry Garcia Band
Midnight Rambler,The Rolling Stones
Might As Well,Grateful Dead
Mike's Song,Phish
Milk Is Terrible For You,LoveDeep
Mission In The Rain,Jerry Garcia Band
Mississippi Half-step Uptown Toodeloo,Grateful Dead
Moonage Daydream,David Bowie
Moondance,Van Morrison
Morning Dew,Grateful Dead
Mr. Cemani,LoveDeep
Mr. Charlie,Grateful Dead
My Church,Maren Morris
My Shot,Hamilton
My Soul,Phish
Mystery Train,Traditional
New Briz Song,LoveDeep
New Minglewood Blues,Grateful Dead
New Song,LoveDeep
New Speedway Boogie,Grateful Dead
New York I Love You,LCD Soundsystem
Next Time You See Me,Grateful Dead
Night Moves,Bob Seger
Nineteen Hundred And Eighty Five,Paul McCartney
Not Fade Away,Grateful Dead
Nothing To Do Today,LoveDeep
Ob-la-di Ob-la-da,The Beatles
Oh Darling,The Beatles
Oh! Sweet Nuthin,Velvet Underground
Old And In The Way,Jerry Garcia Band
Old Home Place,Phish
On My Mind,LoveDeep
On The Run,Pink Floyd
One More Saturday Night,Grateful Dead
One Of These Days,Pink Floyd
One Toke Over The Line,Brewer & Shipley
One Way Out,The Allman Brothers Band
Only The Good Die Young,Billy Joel
Opening,LoveDeep
Ophelia,The Band
Other Side Of Paradise,LoveDeep
Outa Space,Billy Preston
Outside Woman Blues,Led Zeppelin
Peggy-o,Grateful Dead
Playin In The Band,Grateful Dead
Please Pardon Yourself,LoveDeep
Possum,Phish
Praise You,Fatboy Slim
Pride And Joy,Stevie Ray Vaughan
Promised Land,Grateful Dead
Promontory Rider,Jerry Garcia Band
Proud Mary,Creedence Clearwater Revival
Psycho Killer,Talking Heads
Push Comes To Shove,LoveDeep
Put Your Records On,Corinne Bailey Rae
Quarantine Blues,LoveDeep
Ramble On Rose,Grateful Dead
Red House,Jimi Hendrix
Reggae,LoveDeep
Resonate,LoveDeep
Road To Nowhere,Talking Heads
Roadhouse Blues,The Doors
Roads,Assembly of Dust
Rock And Roll,Velvet Underground
Rocky Raccoon,The Beatles
Rosalee Mcfall,Jerry Garcia Band
Roses Are Free,Phish
Rotation,LoveDeep
Rules Of The Game,LoveDeep
"Sail On, Sailor",The Beach Boys
Saint Of Circumstance,Grateful Dead
Sample In A Jar,Phish
Samson And Delilah,Grateful Dead
Sand,Phish
Scarlet Begonias,Grateful Dead
Set Free,LoveDeep
Shadow People,Dr. Dog
Shakedown Street,Grateful Dead
Shama Lama Ding Dong,Otis Day & The Knights
Shine A Light,The Rolling Stones
Shining Star,Jerry Garcia Band
Ship Of Fools,Grateful Dead
Silhouette,LoveDeep
Sisters And Brothers,Jerry Garcia Band
Sitting Here In Limbo,Jerry Garcia Band
Skin It Back,Little Feat
Slave To The Traffic Light,Phish
Slipknot,Grateful Dead
Sloop John B,The Beach Boys
Slow Dance,LoveDeep
Smoke Two Joints,Sublime
Sneaking Sally,Phish
So Many Roads,Grateful Dead
Someone Great,LCD Soundsystem
Sorcery,LoveDeep
Soundcheck,LoveDeep
Spanish,Grateful Dead
Speak Up!,LoveDeep
Spoonful,Traditional
Stage Fright,The Band
Standing On The Moon,Grateful Dead
Statesboro Blues,The Allman Brothers Band
Stones Medley,The Rolling Stones
Street Walker,The Band
Stuck Inside Of Mobile,Jerry Garcia Band
Suffragette City,David Bowie
Sugar Magnolia,Grateful Dead
Sugaree,Grateful Dead
Sunshine Daydream,Grateful Dead
Sunshine Of Your Love,Eric Clapton
Superstition,Stevie Wonder
Swing Low (sweet Chariot),Traditional
Tangled Up In Blue,Jerry Garcia Band
Tennessee Jed,Grateful Dead
Terrapin Station,Grateful Dead
Thank You,LoveDeep
That Old Black Hole,Dr. Dog
That Thing You Do,The Wonders
That's All Right Mama,Jerry Garcia Band
That's What Love Will Make You Do,Jerry Garcia Band
The Breeze,Dr. Dog
The Forbidden Hey Jude,The Beatles
The Harder They Come,Jerry Garcia Band
The Illusion,LoveDeep
The Music Never Stopped,Grateful Dead
The Night They Drove Old Dixie Down,The Band
The Other One,Grateful Dead
The Race Is On,Jerry Garcia Band
The Real Me,The Who
The Rumor,The Band
The Shape I'm In,The Band
The Thrill Is Gone,B.B. King
The Way You Do The Things You Do,Jerry Garcia Band
The Wedge,Phish
The Weight,The Band
The Wheel,Grateful Dead
Theme From The Bottom,Phish
There Goes My Sanity,LoveDeep
They Love Each Other,Grateful Dead
This Wheel's On Fire,The Band
Throwing Stones,Grateful Dead
Time Slows Down,LoveDeep
Tobacco Road,Traditional
Truckin,Grateful Dead
Tryin To Live My Life Without You,Bob Seger
Tuning,LoveDeep
Turn On Your Lovelight,Grateful Dead
Twist,Phish
Twist And Shout,The Beatles
Twisting The Night Away,Sam Cooke
U.s. Blues,Grateful Dead
Uncle John's Band,Grateful Dead
Undermind,Phish
Up On Cripple Creek,The Band
Valerie,Amy Winehouse
Ventilator,Rolling Stones
Vienna,Billy Joel
Viola Lee Blues,Grateful Dead
Voodoo Child,Jimi Hendrix
W.s. Walcott Medicine Show,The Band
Wagon Wheel,Darius Rucker
Waiting For A Miracle,Jerry Garcia Band
Walkin On The Sun,Smashmouth
Wastin' Time,LoveDeep
Waterfalls,LoveDeep
Way Back Home,LoveDeep
West L.a. Fadeaway,Grateful Dead
Wharf Rat,Grateful Dead
What I Got,Sublime
What'd I Say,Ray Charles
What's It All For,LoveDeep
When I Paint My Masterpiece,Jerry Garcia Band
Whipping Post,The Allman Brothers Band
Who Do You Love,Traditional
Why Don't We Do It In The Road,The Beatles
Why Ya Gotta Be Like That,LoveDeep
Will It Go Round In Circles,Billy Preston
Willin,Little Feat
Wolfman's Brother,Phish
World Of Probability,LoveDeep
Ya Mar,Phish
You And I,Lady Gaga
You Are The Mystery,LoveDeep
You Can't Hurry Love,The Supremes
You Oughta Know,Alanis Morrisette
Your Love Is Taking Me Higher,Jackie Wilson
Ziggy Stardust,David Bowie
